{"cameraMode":{"drawMode":0,"name":"Shaded","section":"Shading Mode"},"sceneLighting":false,"audioPlay":false,"sceneViewState":{"showFog":true,"showMaterialUpdate":false,"showSkybox":true,"showFlares":true,"showImageEffects":true,"showParticleSystems":true},"in2DMode":false,"pivot":{"x":-0.5657384395599365,"y":6.927135944366455,"z":-2.5721724033355715},"rotation":{"x":0.014844496734440327,"y":-0.2449570745229721,"z":0.0037510916590690614,"w":0.9694130420684815},"size":36.330867767333987,"orthographic":false}