{"cameraMode":{"drawMode":0,"name":"Shaded","section":"Shading Mode"},"sceneLighting":true,"audioPlay":false,"sceneViewState":{"showFog":true,"showMaterialUpdate":false,"showSkybox":true,"showFlares":true,"showImageEffects":true,"showParticleSystems":true},"in2DMode":false,"pivot":{"x":74.73246765136719,"y":-0.9047534465789795,"z":-38.935176849365237},"rotation":{"x":-0.20238643884658814,"y":0.10086238384246826,"z":-0.020960522815585138,"w":-0.9738722443580627},"size":14.549544334411621,"orthographic":false}